client,workload,mode,series,run,requests_attempted,requests_succeeded,errors,total_time_s,latency_mean_ms,latency_median_ms,latency_p95_ms,requests_per_second,observations_decoded,approx_payload_bytes,peak_tracemalloc_mb,rss_delta_mb
httpx,metadata_small,sync_sequential,1,1,75,75,0,0.100958875,1.3443344933333332,1.324875,1.4694375,742.8767406530629,75,33850,0.4039907455444336,0.40625
httpx,metadata_small,sync_sequential,1,2,75,75,0,0.102303291,1.3622528,1.328917,1.5183874,733.1142455622469,75,33850,0.3725852966308594,0.046875
httpx,metadata_small,sync_sequential,1,3,75,75,0,0.100835459,1.3426016666666665,1.314333,1.5131126,743.7859731466091,75,33850,0.36952781677246094,0.03125
httpx,metadata_small,sync_sequential,1,4,75,75,0,0.099385084,1.3233599733333334,1.309375,1.4349339,754.6404045902905,75,33850,0.369598388671875,0.03125
httpx,metadata_small,sync_sequential,1,5,75,75,0,0.101470333,1.3511216933333332,1.318208,1.5042045,739.1322939681296,75,33850,0.36925315856933594,0.03125
httpx,metadata_small,sync_sequential,1,6,75,75,0,0.10060075,1.3394750133333333,1.303333,1.5140873999999998,745.5212809049634,75,33850,0.369659423828125,0.03125
httpx,metadata_small,sync_sequential,1,7,75,75,0,0.101417709,1.3504539599999998,1.308417,1.5210712999999998,739.5158176960989,75,33850,0.3683023452758789,0.03125
httpx,metadata_small,sync_sequential,1,8,75,75,0,0.09607625,1.279351106666667,1.241875,1.4872162,780.6299683844862,75,33850,0.36739253997802734,0.046875
httpx,metadata_small,sync_sequential,1,9,75,75,0,0.090937917,1.2110016799999999,1.193584,1.3041874,824.738486147643,75,33850,0.36754417419433594,0.0625
httpx,metadata_small,sync_sequential,1,10,75,75,0,0.097898583,1.3036944266666666,1.243791,1.6741247999999997,766.0989332194931,75,33850,0.36823368072509766,0.046875
httpx,metadata_small,sync_sequential,2,1,75,75,0,0.0989775,1.3180032933333332,1.289167,1.4775292,757.7479730241722,75,33850,0.36804962158203125,0.03125
httpx,metadata_small,sync_sequential,2,2,75,75,0,0.10531375,1.40210608,1.387708,1.5582044,712.1577191962114,75,33850,0.3684720993041992,0.03125
httpx,metadata_small,sync_sequential,2,3,75,75,0,0.098001958,1.305007213333333,1.281292,1.4841787,765.2908322505149,75,33850,0.3683919906616211,0.03125
httpx,metadata_small,sync_sequential,2,4,75,75,0,0.101618917,1.353168333333333,1.351459,1.5982374,738.0515578610231,75,33850,0.3679161071777344,0.03125
httpx,metadata_small,sync_sequential,2,5,75,75,0,0.113378667,1.5095500133333333,1.502458,1.609992,661.5001038952063,75,33850,0.36712169647216797,0.03125
httpx,metadata_small,sync_sequential,2,6,75,75,0,0.114670875,1.5270606,1.503958,1.7100331999999998,654.0457635820778,75,33850,0.3685789108276367,0.03125
httpx,metadata_small,sync_sequential,2,7,75,75,0,0.114731042,1.5278461333333333,1.529333,1.6431125999999998,653.7027703452741,75,33850,0.36820507049560547,0.03125
httpx,metadata_small,sync_sequential,2,8,75,75,0,0.133414708,1.776625546666667,1.495959,3.4977411999999997,562.156910016248,75,33850,0.3680763244628906,0.046875
httpx,metadata_small,sync_sequential,2,9,75,75,0,0.10744275,1.4306288533333333,1.427709,1.5953081,698.0461687736026,75,33850,0.3673734664916992,0.03125
httpx,metadata_small,sync_sequential,2,10,75,75,0,0.112272958,1.4947566933333332,1.491208,1.7076215,668.0148215209579,75,33850,0.3676910400390625,0.03125
httpx,metadata_small,sync_sequential,3,1,75,75,0,0.112661959,1.50032164,1.476542,1.6340751999999998,665.7082893436993,75,33850,0.3669605255126953,0.03125
httpx,metadata_small,sync_sequential,3,2,75,75,0,0.102920583,1.3704638800000004,1.353208,1.5243376,728.7172090737185,75,33850,0.3671455383300781,0.03125
httpx,metadata_small,sync_sequential,3,3,75,75,0,0.100969209,1.3443900133333335,1.313125,1.5281455,742.8007086794153,75,33850,0.36756420135498047,0.03125
httpx,metadata_small,sync_sequential,3,4,75,75,0,0.106963916,1.424137226666667,1.428125,1.5655457000000002,701.1710379040348,75,33850,0.3672161102294922,0.03125
httpx,metadata_small,sync_sequential,3,5,75,75,0,0.11052025,1.4718211600000002,1.447958,1.6632626,678.6086712616013,75,33850,0.36742687225341797,0.03125
httpx,metadata_small,sync_sequential,3,6,75,75,0,0.100624667,1.33977168,1.317792,1.4701125,745.3440814865007,75,33850,0.3673086166381836,0.03125
httpx,metadata_small,sync_sequential,3,7,75,75,0,0.100736792,1.3412711733333333,1.323583,1.4609671,744.5144768953928,75,33850,0.3677711486816406,0.03125
httpx,metadata_small,sync_sequential,3,8,75,75,0,0.104220375,1.3877845066666668,1.364292,1.5743417999999998,719.6289593085804,75,33850,0.36684417724609375,0.03125
httpx,metadata_small,sync_sequential,3,9,75,75,0,0.110104792,1.4661722666666668,1.445625,1.6552919000000001,681.1692628237288,75,33850,0.3673524856567383,0.03125
httpx,metadata_small,sync_sequential,3,10,75,75,0,0.11045925,1.4706611199999997,1.461083,1.5920714999999999,678.983426014571,75,33850,0.36778736114501953,0.03125
httpx,series_medium,sync_sequential,1,1,75,75,0,2.157624291,28.765346066666673,28.588834,30.561245399999997,34.760454038659134,75000,7342838,4.080864906311035,3.125
httpx,series_medium,sync_sequential,1,2,75,75,0,2.0679945,27.571088946666666,27.563375,28.237387499999997,36.26702101964004,75000,7342838,4.072002410888672,0.859375
httpx,series_medium,sync_sequential,1,3,75,75,0,2.068404208,27.576453880000003,27.547167,28.4848536,36.259837274514,75000,7342838,4.073111534118652,0.03125
httpx,series_medium,sync_sequential,1,4,75,75,0,2.13949675,28.52422224,28.279917,29.1002501,35.054972623819125,75000,7342838,4.070863723754883,0.34375
httpx,series_medium,sync_sequential,1,5,75,75,0,2.084151208,27.786616186666663,27.807375,28.447258299999998,35.985872671864215,75000,7342838,4.0727033615112305,0.09375
httpx,series_medium,sync_sequential,1,6,75,75,0,2.08748325,27.83056444,27.883708,28.5896661,35.9284320005921,75000,7342838,4.071860313415527,0.03125
httpx,series_medium,sync_sequential,1,7,75,75,0,2.089808208,27.861894426666666,27.798167,28.5235089,35.888460822812505,75000,7342838,4.072797775268555,0.046875
httpx,series_medium,sync_sequential,1,8,75,75,0,2.089660458,27.859809453333327,27.857042,28.5688206,35.89099832600651,75000,7342838,4.073829650878906,0.03125
httpx,series_medium,sync_sequential,1,9,75,75,0,2.086260167,27.814626106666662,27.836042,28.554845699999998,35.94949526733691,75000,7342838,4.072055816650391,0.03125
httpx,series_medium,sync_sequential,1,10,75,75,0,2.096527667,27.95137172,27.728375,28.8406546,35.77343680244407,75000,7342838,4.072321891784668,0.03125
httpx,series_medium,sync_sequential,2,1,75,75,0,2.096020084,27.94436941333334,27.893791,28.9658082,35.78209988182537,75000,7342838,4.0719709396362305,0.078125
httpx,series_medium,sync_sequential,2,2,75,75,0,2.080361875,27.735959453333336,27.661541,28.599653699999998,36.05142014054646,75000,7342838,4.072079658508301,0.03125
httpx,series_medium,sync_sequential,2,3,75,75,0,2.128017792,28.371174959999994,27.996166,30.41075,35.2440662300628,75000,7342838,4.071959495544434,0.03125
httpx,series_medium,sync_sequential,2,4,75,75,0,2.124979208,28.330953880000003,28.178625,29.565542,35.29446298469382,75000,7342838,4.072330474853516,0.03125
httpx,series_medium,sync_sequential,2,5,75,75,0,2.1354665,28.470554439999997,28.295833,29.7813706,35.12113161222618,75000,7342838,4.071187973022461,0.09375
httpx,series_medium,sync_sequential,2,6,75,75,0,2.129394167,28.389501106666668,28.488959,29.3265125,35.22128554792834,75000,7342838,4.0719194412231445,0.03125
httpx,series_medium,sync_sequential,2,7,75,75,0,2.13780425,28.501754973333338,28.496542,29.9674412,35.08272565179904,75000,7342838,4.072928428649902,0.03125
httpx,series_medium,sync_sequential,2,8,75,75,0,2.09275775,27.901363413333335,27.458959,29.4223793,35.8378794678935,75000,7342838,4.071484565734863,0.125
httpx,series_medium,sync_sequential,2,9,75,75,0,2.168396875,28.909027786666666,28.763542,29.7945454,34.58776429015099,75000,7342838,4.071955680847168,0.046875
httpx,series_medium,sync_sequential,2,10,75,75,0,2.160739875,28.807236653333337,28.493667,29.630262300000002,34.71033272804298,75000,7342838,4.069930076599121,-0.21875
httpx,series_medium,sync_sequential,3,1,75,75,0,2.122521125,28.298003853333334,28.275375,29.2465036,35.335337357360814,75000,7342838,4.07200813293457,0.03125
httpx,series_medium,sync_sequential,3,2,75,75,0,2.191627417,29.219027133333334,29.0025,30.226441,34.22114517195785,75000,7342838,4.071938514709473,0.03125
httpx,series_medium,sync_sequential,3,3,75,75,0,2.151319042,28.681981693333327,28.533167,29.8624671,34.86233261351851,75000,7342838,4.071346282958984,0.03125
httpx,series_medium,sync_sequential,3,4,75,75,0,2.1679325,28.903198306666667,28.698333,29.6662458,34.595173050821465,75000,7342838,4.071969032287598,0.03125
httpx,series_medium,sync_sequential,3,5,75,75,0,2.209169833,29.452863906666675,29.027792,31.709958999999998,33.94940437791141,75000,7342838,4.0714521408081055,0.03125
httpx,series_medium,sync_sequential,3,6,75,75,0,2.2063935,29.416059413333333,29.121667,30.8900625,33.992123345178456,75000,7342838,4.072573661804199,0.03125
httpx,series_medium,sync_sequential,3,7,75,75,0,2.20593925,29.409464399999997,29.185917,30.563908899999998,33.99912304928615,75000,7342838,4.069514274597168,0.03125
httpx,series_medium,sync_sequential,3,8,75,75,0,2.177093667,29.02544277333334,28.824125,29.6686169,34.44959724831169,75000,7342838,4.0721893310546875,0.03125
httpx,series_medium,sync_sequential,3,9,75,75,0,2.116728333,28.22078389333333,28.180458,29.285542,35.43203859973088,75000,7342838,4.071880340576172,0.03125
httpx,series_medium,sync_sequential,3,10,75,75,0,2.129013208,28.384497746666668,28.338042,29.3757704,35.227587935189554,75000,7342838,4.071425437927246,0.03125
httpx,series_large,sync_sequential,1,1,15,15,0,3.961825375,264.1185499333333,264.467834,266.0822286,3.7861335571863766,150000,14753348,12.268898010253906,18.1875
httpx,series_large,sync_sequential,1,2,15,15,0,3.976521958,265.09856679999996,264.654834,267.8573625,3.772140618970524,150000,14753348,12.25866413116455,1.125
httpx,series_large,sync_sequential,1,3,15,15,0,3.985284041,265.6825806666667,264.470708,271.1688295,3.763847155104195,150000,14753348,12.256625175476074,1.515625
httpx,series_large,sync_sequential,1,4,15,15,0,3.969671958,264.64175279999995,264.370583,267.5974375,3.778649762172615,150000,14753348,12.255376815795898,0.0625
httpx,series_large,sync_sequential,1,5,15,15,0,3.984191,265.6098386666667,265.738125,268.2857535,3.764879745976034,150000,14753348,12.25603199005127,0.03125
httpx,series_large,sync_sequential,1,6,15,15,0,3.975817667,265.0512667333333,265.130458,269.6998962,3.772808829867298,150000,14753348,12.255501747131348,0.046875
httpx,series_large,sync_sequential,1,7,15,15,0,3.9853145,265.68446666666665,266.275708,267.5340662,3.7638183887369494,150000,14753348,12.258753776550293,0.03125
httpx,series_large,sync_sequential,1,8,15,15,0,3.982480583,265.49541926666666,266.019459,268.1926873,3.766496706608048,150000,14753348,12.25632381439209,0.03125
httpx,series_large,sync_sequential,1,9,15,15,0,4.001166458,266.7411692666667,265.643166,273.12527489999997,3.7489067644283445,150000,14753348,12.25849437713623,0.03125
httpx,series_large,sync_sequential,1,10,15,15,0,3.981269166,265.41519166666666,265.077417,267.6627373,3.7676427728373287,150000,14753348,12.258681297302246,0.03125
httpx,series_large,sync_sequential,2,1,15,15,0,3.95278925,263.5160364000001,263.986667,266.13697510000003,3.7947887052161966,150000,14753348,12.258404731750488,0.0625
httpx,series_large,sync_sequential,2,2,15,15,0,3.995530958,266.3658084666667,265.665792,272.86535799999996,3.7541944131271077,150000,14753348,12.25583267211914,3.015625
httpx,series_large,sync_sequential,2,3,15,15,0,3.987455375,265.827161,266.358333,267.5804043,3.761797585007456,150000,14753348,12.25998592376709,0.03125
httpx,series_large,sync_sequential,2,4,15,15,0,4.003027708,266.8655612,265.554125,271.8068502,3.74716367064427,150000,14753348,12.258367538452148,0.03125
httpx,series_large,sync_sequential,2,5,15,15,0,3.976318,265.0848806,265.185166,267.2077002,3.7723341040631055,150000,14753348,12.258278846740723,0.03125
httpx,series_large,sync_sequential,2,6,15,15,0,3.989735375,265.97888040000004,266.074208,268.9747795,3.7596478438121976,150000,14753348,12.255805969238281,0.03125
httpx,series_large,sync_sequential,2,7,15,15,0,4.002074833,266.8017556666667,265.949709,272.3574624,3.7480558525078433,150000,14753348,12.255819320678711,0.03125
httpx,series_large,sync_sequential,2,8,15,15,0,3.994420041,266.29123619999996,266.159333,269.22160440000005,3.755238519243149,150000,14753348,12.259343147277832,0.03125
httpx,series_large,sync_sequential,2,9,15,15,0,3.997501292,266.4968,266.587041,274.53822499999995,3.752344002994759,150000,14753348,12.255422592163086,0.03125
httpx,series_large,sync_sequential,2,10,15,15,0,4.086111167,272.4042472,269.4315,287.07341679999996,3.6709720775935017,150000,14753348,12.255824089050293,0.96875
httpx,series_large,sync_sequential,3,1,15,15,0,4.0226135,268.1705693333333,268.646792,275.5055375,3.728919022421617,150000,14753348,12.255440711975098,0.03125
httpx,series_large,sync_sequential,3,2,15,15,0,3.958840167,263.920164,263.592375,267.21667130000003,3.788988533822765,150000,14753348,12.258654594421387,0.03125
httpx,series_large,sync_sequential,3,3,15,15,0,3.932656208,262.1738029333334,261.818167,266.42140009999997,3.8142159412476158,150000,14753348,12.259275436401367,0.03125
httpx,series_large,sync_sequential,3,4,15,15,0,3.937095917,262.47046386666665,260.590792,271.8811838,3.8099147991877587,150000,14753348,12.258145332336426,0.03125
httpx,series_large,sync_sequential,3,5,15,15,0,3.942490333,262.8297776666667,262.060208,270.135375,3.8047017831457546,150000,14753348,12.259093284606934,0.03125
httpx,series_large,sync_sequential,3,6,15,15,0,3.925729292,261.7123583333333,260.731792,265.5494288,3.8209460928871404,150000,14753348,12.2583646774292,0.03125
httpx,series_large,sync_sequential,3,7,15,15,0,3.920238417,261.34663893333334,260.09925,267.3946874,3.8262978942691177,150000,14753348,12.258710861206055,0.03125
httpx,series_large,sync_sequential,3,8,15,15,0,3.908252375,260.54709173333333,260.262583,262.7851215,3.8380325937881636,150000,14753348,12.259033203125,0.03125
httpx,series_large,sync_sequential,3,9,15,15,0,3.927799875,261.8506165333333,261.317,266.6170204,3.818931839036224,150000,14753348,12.258452415466309,0.03125
httpx,series_large,sync_sequential,3,10,15,15,0,3.920511333,261.3646222666667,261.363959,264.1047873,3.826031536687819,150000,14753348,12.25849437713623,0.03125
httpx,warm_repeated,sync_sequential,1,1,75,75,0,2.019984875,26.93134613333333,26.816959,27.8496125,37.12899087920151,75000,7353600,4.078189849853516,0.03125
httpx,warm_repeated,sync_sequential,1,2,75,75,0,2.046348167,27.28288282666667,27.032625,28.851224900000002,36.65065466838517,75000,7353600,4.077336311340332,0.03125
httpx,warm_repeated,sync_sequential,1,3,75,75,0,2.022084791,26.959381133333334,26.866792,27.7036582,37.090432772064695,75000,7353600,4.078160285949707,0.03125
httpx,warm_repeated,sync_sequential,1,4,75,75,0,2.057170708,27.427216079999997,26.958875,27.9152169,36.457839744819076,75000,7353600,4.077395439147949,0.03125
httpx,warm_repeated,sync_sequential,1,5,75,75,0,2.028908458,27.05038556,26.894209,28.0186752,36.96568945941079,75000,7353600,4.077308654785156,0.03125
httpx,warm_repeated,sync_sequential,1,6,75,75,0,2.017343917,26.896244933333335,26.813416,27.5805167,37.17759741806087,75000,7353600,4.077857971191406,0.03125
httpx,warm_repeated,sync_sequential,1,7,75,75,0,2.018944958,26.917507826666668,26.827458,27.6039663,37.14811525832593,75000,7353600,4.078150749206543,0.03125
httpx,warm_repeated,sync_sequential,1,8,75,75,0,2.035027625,27.131743293333336,27.008375,27.9396001,36.854536556966885,75000,7353600,4.077968597412109,0.03125
httpx,warm_repeated,sync_sequential,1,9,75,75,0,2.087086083,27.825944946666667,26.996333,30.64402509999999,35.93526908683814,75000,7353600,4.077326774597168,0.03125
httpx,warm_repeated,sync_sequential,1,10,75,75,0,2.055481333,27.40432164,27.404375,27.9707249,36.487803997974815,75000,7353600,4.078067779541016,0.03125
httpx,warm_repeated,sync_sequential,2,1,75,75,0,2.028274958,27.041975573333332,27.140291,27.6442707,36.97723511508246,75000,7353600,4.077186584472656,0.03125
httpx,warm_repeated,sync_sequential,2,2,75,75,0,2.080137042,27.733220053333334,27.701667,29.2869876,36.05531678234496,75000,7353600,4.077068328857422,0.03125
httpx,warm_repeated,sync_sequential,2,3,75,75,0,2.100807708,28.008644999999998,27.834083,29.3243252,35.70055446502579,75000,7353600,4.077518463134766,0.03125
httpx,warm_repeated,sync_sequential,2,4,75,75,0,2.055224959,27.40116564,27.117458,28.807545599999997,36.4923555796502,75000,7353600,4.076777458190918,0.03125
httpx,warm_repeated,sync_sequential,2,5,75,75,0,2.027772958,27.03515612,26.895917,27.9036543,36.98638928195037,75000,7353600,4.0777788162231445,0.03125
httpx,warm_repeated,sync_sequential,2,6,75,75,0,2.0239715,26.984549373333337,26.916583,27.732320400000003,37.055857752937726,75000,7353600,4.076955795288086,0.03125
httpx,warm_repeated,sync_sequential,2,7,75,75,0,2.0286175,27.04640165333333,26.94675,27.8214796,36.970991327837794,75000,7353600,4.077696800231934,0.03125
httpx,warm_repeated,sync_sequential,2,8,75,75,0,2.024482125,26.991176706666664,26.894459,27.6688374,37.046511339288806,75000,7353600,4.0775146484375,0.03125
httpx,warm_repeated,sync_sequential,2,9,75,75,0,2.028458291,27.044286053333334,26.88725,27.980725,36.973893095443486,75000,7353600,4.07780647277832,0.03125
httpx,warm_repeated,sync_sequential,2,10,75,75,0,2.016624083,26.886627693333335,26.835458,27.5752789,37.19086796207819,75000,7353600,4.07826042175293,0.03125
httpx,warm_repeated,sync_sequential,3,1,75,75,0,2.022056875,26.95891709333333,26.842708,28.0332081,37.090944833092294,75000,7353600,4.077160835266113,0.03125
httpx,warm_repeated,sync_sequential,3,2,75,75,0,2.051840084,27.35613053333334,26.991542,28.9663038,36.55255620788427,75000,7353600,4.077536582946777,0.03125
httpx,warm_repeated,sync_sequential,3,3,75,75,0,2.037730375,27.167853879999996,27.071083,28.1918249,36.80565442815269,75000,7353600,4.077230453491211,0.03125
httpx,warm_repeated,sync_sequential,3,4,75,75,0,2.019109333,26.919676733333336,26.832417,27.640475000000002,37.14509104297227,75000,7353600,4.076821327209473,0.03125
httpx,warm_repeated,sync_sequential,3,5,75,75,0,2.020457583,26.937762213333336,26.818583,27.8726463,37.12030414844894,75000,7353600,4.078422546386719,0.03125
httpx,warm_repeated,sync_sequential,3,6,75,75,0,2.023100208,26.97284388,26.857208,27.7630919,37.071816662084004,75000,7353600,4.077347755432129,0.03125
httpx,warm_repeated,sync_sequential,3,7,75,75,0,2.023215625,26.97443552,26.8005,27.9366999,37.06970185147715,75000,7353600,4.078147888183594,0.046875
httpx,warm_repeated,sync_sequential,3,8,75,75,0,2.025600333,27.00613102666667,26.916833,27.9266455,37.02606026378453,75000,7353600,4.077238082885742,0.03125
httpx,warm_repeated,sync_sequential,3,9,75,75,0,2.0139415,26.8508972,26.783375,27.5197456,37.24040643683046,75000,7353600,4.078071594238281,0.03125
httpx,warm_repeated,sync_sequential,3,10,75,75,0,2.018495333,26.911458946666666,26.856958,27.7471376,37.15639009604784,75000,7353600,4.077917098999023,0.03125
httpx,mixed_series,sync_sequential,1,1,75,75,0,0.741720709,9.887907786666666,3.45325,26.8774252,101.1162275637635,25419,2521936,1.6239213943481445,0.28125
httpx,mixed_series,sync_sequential,1,2,75,75,0,0.739247792,9.85505668,3.443875,26.817958,101.45447955561833,25419,2521936,1.7678356170654297,0.109375
httpx,mixed_series,sync_sequential,1,3,75,75,0,0.744025,9.918656106666667,3.609042,27.034292,100.80306441315815,25419,2521936,1.7664413452148438,0.109375
httpx,mixed_series,sync_sequential,1,4,75,75,0,0.739915459,9.863872813333336,3.466333,26.8068169,101.36293151836959,25419,2521936,1.7663154602050781,0.03125
httpx,mixed_series,sync_sequential,1,5,75,75,0,0.737763,9.8352388,3.453958,26.805241199999998,101.65866274128685,25419,2521936,1.7665901184082031,0.03125
httpx,mixed_series,sync_sequential,1,6,75,75,0,0.756505916,10.084973826666666,3.5575,27.032575,99.14000461035391,25419,2521936,1.7658166885375977,0.03125
httpx,mixed_series,sync_sequential,1,7,75,75,0,0.73765175,9.833673373333333,3.371042,26.8210082,101.67399453739517,25419,2521936,1.7669410705566406,0.03125
httpx,mixed_series,sync_sequential,1,8,75,75,0,0.735273417,9.80192724,3.436208,26.733037500000002,102.0028716746059,25419,2521936,1.7669963836669922,0.03125
httpx,mixed_series,sync_sequential,1,9,75,75,0,0.74484975,9.929683946666666,3.432334,27.1918089,100.69144817461509,25419,2521936,1.7667360305786133,0.03125
httpx,mixed_series,sync_sequential,1,10,75,75,0,0.7395065,9.85846948,3.370625,27.099820400000002,101.41898685136643,25419,2521936,1.7662086486816406,0.03125
httpx,mixed_series,sync_sequential,2,1,75,75,0,0.73878625,9.848785013333334,3.416875,26.8552294,101.51786122169979,25419,2521936,1.7665739059448242,0.03125
httpx,mixed_series,sync_sequential,2,2,75,75,0,0.740693417,9.874331093333334,3.411417,26.858116900000002,101.25646897709636,25419,2521936,1.7661714553833008,0.03125
httpx,mixed_series,sync_sequential,2,3,75,75,0,0.737278125,9.82853652,3.478917,26.9827668,101.72551911803974,25419,2521936,1.7669878005981445,0.046875
httpx,mixed_series,sync_sequential,2,4,75,75,0,0.743213375,9.90776002666667,3.588417,27.0005289,100.91314624148147,25419,2521936,1.766270637512207,0.03125
httpx,mixed_series,sync_sequential,2,5,75,75,0,0.73769275,9.834200520000001,3.391584,26.755795499999998,101.66834362951242,25419,2521936,1.7662162780761719,0.03125
httpx,mixed_series,sync_sequential,2,6,75,75,0,0.737839459,9.83609496,3.375833,27.0616873,101.64812830916921,25419,2521936,1.7655000686645508,0.03125
httpx,mixed_series,sync_sequential,2,7,75,75,0,0.738093583,9.839543933333333,3.4745,26.849212299999998,101.61313108178045,25419,2521936,1.7659578323364258,0.03125
httpx,mixed_series,sync_sequential,2,8,75,75,0,0.734196625,9.787695560000001,3.359292,26.796275,102.152471757821,25419,2521936,1.765427589416504,0.03125
httpx,mixed_series,sync_sequential,2,9,75,75,0,0.736872833,9.823336653333334,3.390333,26.7815124,101.78146980213072,25419,2521936,1.7664880752563477,0.03125
httpx,mixed_series,sync_sequential,2,10,75,75,0,0.739222083,9.854697173333333,3.415209,26.878217,101.45800798540267,25419,2521936,1.7649421691894531,0.03125
httpx,mixed_series,sync_sequential,3,1,75,75,0,0.737119042,9.826450533333333,3.440083,26.8170875,101.74747323920035,25419,2521936,1.7661151885986328,0.03125
httpx,mixed_series,sync_sequential,3,2,75,75,0,0.737398041,9.830193919999997,3.445042,26.7929962,101.70897646851763,25419,2521936,1.7665367126464844,0.03125
httpx,mixed_series,sync_sequential,3,3,75,75,0,0.740687042,9.874060533333331,3.357875,26.890704300000003,101.25734047876053,25419,2521936,1.766972541809082,0.03125
httpx,mixed_series,sync_sequential,3,4,75,75,0,0.737324458,9.829361093333334,3.350958,26.855862600000002,101.71912675111612,25419,2521936,1.7663249969482422,0.03125
httpx,mixed_series,sync_sequential,3,5,75,75,0,0.740262958,9.868433853333332,3.347042,27.0139875,101.31534907896878,25419,2521936,1.7662181854248047,0.03125
httpx,mixed_series,sync_sequential,3,6,75,75,0,0.738422666,9.84398944,3.460333,27.0916501,101.56784651028033,25419,2521936,1.7665166854858398,0.03125
httpx,mixed_series,sync_sequential,3,7,75,75,0,0.735567959,9.8059444,3.377958,26.7859788,101.96202686963422,25419,2521936,1.7653617858886719,0.03125
httpx,mixed_series,sync_sequential,3,8,75,75,0,0.7406395,9.873448266666667,3.446625,27.2273337,101.26384023536417,25419,2521936,1.7662525177001953,0.03125
httpx,mixed_series,sync_sequential,3,9,75,75,0,0.727561875,9.699232279999999,3.360417,26.4005957,103.08401605018129,25419,2521936,1.765791893005371,0.03125
httpx,mixed_series,sync_sequential,3,10,75,75,0,0.725564208,9.672623826666669,3.362458,26.3273339,103.36783316081105,25419,2521936,1.766256332397461,0.03125
requests,metadata_small,sync_sequential,1,1,75,75,0,0.116760125,1.5550950000000001,1.499291,1.6721793,642.3425805684946,75,33850,0.11548805236816406,0.03125
requests,metadata_small,sync_sequential,1,2,75,75,0,0.11458025,1.5260955200000001,1.504666,1.5960794,654.5630682425636,75,33850,0.06430339813232422,0.0
requests,metadata_small,sync_sequential,1,3,75,75,0,0.113775875,1.5153494533333332,1.507667,1.580158,659.1907115634136,75,33850,0.06352424621582031,0.0
requests,metadata_small,sync_sequential,1,4,75,75,0,0.116140792,1.5468100266666667,1.528834,1.6333125,645.767940001649,75,33850,0.06288528442382812,0.03125
requests,metadata_small,sync_sequential,1,5,75,75,0,0.115153625,1.533581093333333,1.516458,1.6264125999999999,651.3038560444797,75,33850,0.0633993148803711,0.0
requests,metadata_small,sync_sequential,1,6,75,75,0,0.114585625,1.5262189199999998,1.516708,1.6221294,654.5323638981766,75,33850,0.06305408477783203,0.0
requests,metadata_small,sync_sequential,1,7,75,75,0,0.114993083,1.5316083466666668,1.515667,1.6003832,652.2131422461297,75,33850,0.06396770477294922,0.0
requests,metadata_small,sync_sequential,1,8,75,75,0,0.11380475,1.5156399600000001,1.503792,1.6094211,659.0234590383969,75,33850,0.06303691864013672,0.0
requests,metadata_small,sync_sequential,1,9,75,75,0,0.114394167,1.5235877066666665,1.506917,1.6312082,655.6278345905521,75,33850,0.0629587173461914,0.0
requests,metadata_small,sync_sequential,1,10,75,75,0,0.115267959,1.5351216799999998,1.522833,1.6356213,650.6578293799754,75,33850,0.0632314682006836,0.0
requests,metadata_small,sync_sequential,2,1,75,75,0,0.114276416,1.5220182666666666,1.502416,1.5975251,656.3033968443672,75,33850,0.06282234191894531,0.0
requests,metadata_small,sync_sequential,2,2,75,75,0,0.113777709,1.5152694266666666,1.503417,1.5797711,659.1800859692121,75,33850,0.06289005279541016,0.0
requests,metadata_small,sync_sequential,2,3,75,75,0,0.115486,1.5382061333333332,1.524,1.6227292,649.4293680619296,75,33850,0.06362438201904297,0.03125
requests,metadata_small,sync_sequential,2,4,75,75,0,0.114090125,1.5196311599999999,1.510917,1.5899044,657.3750357447676,75,33850,0.06243896484375,0.0
requests,metadata_small,sync_sequential,2,5,75,75,0,0.113620625,1.51338444,1.504625,1.6028293999999998,660.0914226620387,75,33850,0.062247276306152344,0.0
requests,metadata_small,sync_sequential,2,6,75,75,0,0.113373125,1.5100710933333334,1.496917,1.5762831,661.5324398970214,75,33850,0.06348705291748047,0.0
requests,metadata_small,sync_sequential,2,7,75,75,0,0.133016,1.771691666666667,1.52175,3.4346412999999996,563.8419438263066,75,33850,0.0634469985961914,0.0
requests,metadata_small,sync_sequential,2,8,75,75,0,0.114473792,1.5246894000000002,1.513667,1.5973206,655.1717968773149,75,33850,0.063262939453125,0.0
requests,metadata_small,sync_sequential,2,9,75,75,0,0.11386175,1.5159272533333334,1.500916,1.5907953999999997,658.693547218447,75,33850,0.06342601776123047,0.0
requests,metadata_small,sync_sequential,2,10,75,75,0,0.114898417,1.5304156000000002,1.527417,1.5849625999999999,652.7505074330136,75,33850,0.06384086608886719,0.03125
requests,metadata_small,sync_sequential,3,1,75,75,0,0.114388959,1.52290676,1.512167,1.6094083,655.6576845847509,75,33850,0.06302070617675781,0.0
requests,metadata_small,sync_sequential,3,2,75,75,0,0.115348792,1.53628444,1.522833,1.6426375,650.2018677404094,75,33850,0.06322574615478516,0.0
requests,metadata_small,sync_sequential,3,3,75,75,0,0.114535042,1.5254478266666667,1.524083,1.596825,654.8214301086998,75,33850,0.06325912475585938,0.0
requests,metadata_small,sync_sequential,3,4,75,75,0,0.114373292,1.5233055199999999,1.505709,1.6198123,655.7474974139942,75,33850,0.06222724914550781,0.0
requests,metadata_small,sync_sequential,3,5,75,75,0,0.114041209,1.5189088533333335,1.508625,1.6007875,657.6570053725053,75,33850,0.06327533721923828,0.0
requests,metadata_small,sync_sequential,3,6,75,75,0,0.114033792,1.5188673466666665,1.502625,1.599575,657.6997807807707,75,33850,0.06284427642822266,0.0
requests,metadata_small,sync_sequential,3,7,75,75,0,0.114035708,1.5187677999999998,1.50525,1.6295126,657.6887302703466,75,33850,0.06277084350585938,0.0
requests,metadata_small,sync_sequential,3,8,75,75,0,0.11532925,1.5361016399999998,1.512042,1.6175832999999997,650.3120413945292,75,33850,0.06220054626464844,0.0
requests,metadata_small,sync_sequential,3,9,75,75,0,0.11397175,1.517999986666667,1.495333,1.6490413,658.057808184923,75,33850,0.062111854553222656,0.0
requests,metadata_small,sync_sequential,3,10,75,75,0,0.112804625,1.50240336,1.48725,1.5801714999999998,664.8663563218263,75,33850,0.06218242645263672,0.0
requests,series_medium,sync_sequential,1,1,75,75,0,2.042440666,27.230620520000002,27.105375,28.2976205,36.72077296956836,75000,7342838,0.9973945617675781,0.0
requests,series_medium,sync_sequential,1,2,75,75,0,2.05317725,27.374032826666667,27.226333,28.4663,36.528750744729905,75000,7342838,0.9868555068969727,0.0
requests,series_medium,sync_sequential,1,3,75,75,0,2.061948875,27.490850026666667,27.331917,28.773625,36.37335576518598,75000,7342838,0.9866371154785156,0.0
requests,series_medium,sync_sequential,1,4,75,75,0,2.047166917,27.293433840000002,27.218208,27.9998581,36.635996497006694,75000,7342838,0.9868221282958984,0.0
requests,series_medium,sync_sequential,1,5,75,75,0,2.062576958,27.499152239999997,27.335416,28.4743789,36.362279579000315,75000,7342838,0.9876241683959961,0.0
requests,series_medium,sync_sequential,1,6,75,75,0,2.0655335,27.538567866666664,27.301083,29.1831251,36.31023171495403,75000,7342838,0.986384391784668,0.0
requests,series_medium,sync_sequential,1,7,75,75,0,2.046178333,27.280553893333334,27.22225,28.088708800000003,36.65369669418741,75000,7342838,0.9870786666870117,0.0
requests,series_medium,sync_sequential,1,8,75,75,0,2.052184917,27.360681653333334,27.189208,28.5230167,36.54641420405684,75000,7342838,0.9866628646850586,0.0
requests,series_medium,sync_sequential,1,9,75,75,0,2.055247875,27.40158222666666,27.293959,28.538778699999998,36.49194869013063,75000,7342838,0.9866952896118164,0.0
requests,series_medium,sync_sequential,1,10,75,75,0,2.073175833,27.640568879999996,27.368,28.5935123,36.17638157177959,75000,7342838,0.9878559112548828,0.0
requests,series_medium,sync_sequential,2,1,75,75,0,2.084590583,27.792409426666666,27.640417,29.229633800000002,35.97828782861771,75000,7342838,0.9868364334106445,0.0
requests,series_medium,sync_sequential,2,2,75,75,0,2.056717417,27.421036626666663,27.256708,28.8002204,36.46587488396808,75000,7342838,0.9868297576904297,0.0
requests,series_medium,sync_sequential,2,3,75,75,0,2.045138333,27.26642888,27.1875,27.9927796,36.672335944132925,75000,7342838,0.9875507354736328,0.0
requests,series_medium,sync_sequential,2,4,75,75,0,2.045090083,27.266017706666666,27.209792,27.881828499999997,36.673201157956036,75000,7342838,0.9866352081298828,0.0
requests,series_medium,sync_sequential,2,5,75,75,0,2.049957792,27.331085599999994,27.161292,28.4980956,36.5861191350812,75000,7342838,0.9876194000244141,0.0
requests,series_medium,sync_sequential,2,6,75,75,0,2.051740666,27.354789946666667,27.241125,28.7133499,36.554327378136584,75000,7342838,0.9867010116577148,0.0
requests,series_medium,sync_sequential,2,7,75,75,0,2.045490542,27.27142057333333,27.194958,28.1221332,36.666021406614746,75000,7342838,0.9868555068969727,0.0
requests,series_medium,sync_sequential,2,8,75,75,0,2.061681208,27.48724888,27.247209,29.2001251,36.37807809906565,75000,7342838,0.9868364334106445,0.0
requests,series_medium,sync_sequential,2,9,75,75,0,2.073620708,27.646159493333332,27.381792,29.508679400000002,36.16862028366665,75000,7342838,0.9866428375244141,0.0
requests,series_medium,sync_sequential,2,10,75,75,0,2.038506459,27.178352226666664,27.075042,27.9636088,36.791642071515255,75000,7342838,0.9874839782714844,0.0
requests,series_medium,sync_sequential,3,1,75,75,0,2.067134917,27.559759453333335,27.248375,28.726408099999997,36.28210204530157,75000,7342838,0.9869909286499023,0.0
requests,series_medium,sync_sequential,3,2,75,75,0,2.053223959,27.374295040000003,27.311666,28.4062002,36.52791974847592,75000,7342838,0.9867973327636719,0.0
requests,series_medium,sync_sequential,3,3,75,75,0,2.064078959,27.519244986666667,27.351791,29.0420583,36.33581926358855,75000,7342838,0.9866189956665039,0.0
requests,series_medium,sync_sequential,3,4,75,75,0,2.051887166,27.356762173333337,27.289375,27.7828037,36.551717483669854,75000,7342838,0.9873189926147461,0.0
requests,series_medium,sync_sequential,3,5,75,75,0,2.053219958,27.37439162666666,27.260083,28.6467999,36.52799092848093,75000,7342838,0.9869699478149414,0.0
requests,series_medium,sync_sequential,3,6,75,75,0,2.023337,26.976118399999997,26.881167,27.7418044,37.067478131423485,75000,7342838,0.9865484237670898,0.0
requests,series_medium,sync_sequential,3,7,75,75,0,2.05205975,27.359074439999997,27.233375,28.7168998,36.548643381363526,75000,7342838,0.9873294830322266,0.03125
requests,series_medium,sync_sequential,3,8,75,75,0,2.048871667,27.316481653333334,27.156875,28.6825248,36.60551376056488,75000,7342838,0.9866971969604492,0.0
requests,series_medium,sync_sequential,3,9,75,75,0,2.048536458,27.311822186666664,27.124792,28.5421162,36.61150364549675,75000,7342838,0.9867525100708008,0.0
requests,series_medium,sync_sequential,3,10,75,75,0,2.053754666,27.38145946666667,27.338958,28.2020162,36.5184806353107,75000,7342838,0.9870548248291016,0.0
requests,series_large,sync_sequential,1,1,15,15,0,3.936310583,262.41803046666666,261.16775,268.1722374,3.8106749159432374,150000,14753348,9.434423446655273,1.109375
requests,series_large,sync_sequential,1,2,15,15,0,3.915848375,261.05389433333335,260.781584,263.3591079,3.830587541582225,150000,14753348,9.429835319519043,0.03125
requests,series_large,sync_sequential,1,3,15,15,0,3.911742208,260.7801584,260.822958,263.2025046,3.8346085202964377,150000,14753348,9.429129600524902,0.0
requests,series_large,sync_sequential,1,4,15,15,0,3.947474708,263.1617749333334,261.918666,268.77018300000003,3.799897683853634,150000,14753348,9.429039001464844,0.0
requests,series_large,sync_sequential,1,5,15,15,0,3.909999291,260.663836,260.502875,263.4029374,3.83631783118909,150000,14753348,9.430152893066406,0.0
requests,series_large,sync_sequential,1,6,15,15,0,3.913391042,260.8901361333333,260.918792,263.269925,3.8329928798360036,150000,14753348,9.429544448852539,0.0
requests,series_large,sync_sequential,1,7,15,15,0,3.96715425,264.47370286666666,263.299792,270.75284999999997,3.7810478380062986,150000,14753348,9.42963695526123,0.0
requests,series_large,sync_sequential,1,8,15,15,0,3.924678375,261.64251666666667,261.387375,264.6937412,3.8219692333387703,150000,14753348,9.429129600524902,0.0
requests,series_large,sync_sequential,1,9,15,15,0,3.925471416,261.6956054666667,261.188333,264.53452949999996,3.821197102304922,150000,14753348,9.429376602172852,0.0
requests,series_large,sync_sequential,1,10,15,15,0,3.936739375,262.44630839999996,261.662042,266.4610375,3.810259854959283,150000,14753348,9.429837226867676,0.0
requests,series_large,sync_sequential,2,1,15,15,0,3.928675542,261.9085862,261.037417,268.1019711,3.818080632936116,150000,14753348,9.42908000946045,0.0
requests,series_large,sync_sequential,2,2,15,15,0,3.954020584,263.5983249333333,262.180791,270.2098706,3.7936069581169387,150000,14753348,9.42933464050293,0.0
requests,series_large,sync_sequential,2,3,15,15,0,3.917291292,261.14979999999997,260.87025,264.1678457,3.8291765615269444,150000,14753348,9.429240226745605,0.0
requests,series_large,sync_sequential,2,4,15,15,0,3.920410667,261.3579026,260.562791,263.6622917,3.8261297792760036,150000,14753348,9.429265975952148,0.0
requests,series_large,sync_sequential,2,5,15,15,0,3.953480584,263.5623806666667,262.383584,270.8361079,3.794125121217492,150000,14753348,9.430084228515625,0.0
requests,series_large,sync_sequential,2,6,15,15,0,3.934567125,262.30155286666667,261.108667,270.2489877,3.812363475689845,150000,14753348,9.429224014282227,0.0
requests,series_large,sync_sequential,2,7,15,15,0,3.9127125,260.8448944666667,260.062625,265.7564168,3.8336575968717352,150000,14753348,9.429521560668945,0.0
requests,series_large,sync_sequential,2,8,15,15,0,3.8799825,258.6627611333334,258.162334,262.1029914,3.8659968182846183,150000,14753348,9.429831504821777,0.0
requests,series_large,sync_sequential,2,9,15,15,0,3.888868,259.2544250666667,258.355792,263.42109120000003,3.8571635756214917,150000,14753348,9.429765701293945,0.0
requests,series_large,sync_sequential,2,10,15,15,0,3.863929708,257.5928166,257.955792,258.4977463,3.8820581981456685,150000,14753348,9.429869651794434,0.0
requests,series_large,sync_sequential,3,1,15,15,0,3.888747917,259.24683880000003,258.483583,261.8200625,3.857282683309503,150000,14753348,9.429376602172852,0.0
requests,series_large,sync_sequential,3,2,15,15,0,3.892203458,259.4776971333333,259.324292,261.5837785,3.8538581453570044,150000,14753348,9.42928695678711,0.0
requests,series_large,sync_sequential,3,3,15,15,0,3.921306708,261.4177972,259.844791,270.1184706,3.825255486748322,150000,14753348,9.429849624633789,0.0
requests,series_large,sync_sequential,3,4,15,15,0,3.883618167,258.90520840000005,258.412542,262.3746875,3.8623776475912237,150000,14753348,9.429132461547852,0.0
requests,series_large,sync_sequential,3,5,15,15,0,4.028885,268.58813606666666,268.811708,280.7040376,3.723114459707835,150000,14753348,9.4302396774292,0.0
requests,series_large,sync_sequential,3,6,15,15,0,4.00068525,266.7088194,265.678959,272.2904001,3.7493576881610466,150000,14753348,9.429129600524902,0.0
requests,series_large,sync_sequential,3,7,15,15,0,3.971900625,264.79018346666663,262.633583,275.44767509999997,3.7765295298645594,150000,14753348,9.42933177947998,0.0
requests,series_large,sync_sequential,3,8,15,15,0,4.04866925,269.9075721333333,269.167666,276.6172168,3.7049210675828856,150000,14753348,9.429832458496094,-1.109375
requests,series_large,sync_sequential,3,9,15,15,0,4.227153042,281.80693606666665,273.596125,310.62208749999996,3.5484875638434477,150000,14753348,9.429145812988281,-0.015625
requests,series_large,sync_sequential,3,10,15,15,0,4.142677709,276.1751500666666,274.491792,290.7698,3.6208464799017266,150000,14753348,9.429926872253418,0.0
requests,warm_repeated,sync_sequential,1,1,75,75,0,2.230805541,29.74168108,28.822875,34.877691899999995,33.62014242011424,75000,7353600,0.9874696731567383,0.0
requests,warm_repeated,sync_sequential,1,2,75,75,0,2.162447917,28.83038992,28.628583,30.201429299999997,34.68291624986221,75000,7353600,0.9867935180664062,0.0
requests,warm_repeated,sync_sequential,1,3,75,75,0,2.174025167,28.98451113333334,28.528459,30.3200537,34.49822069148107,75000,7353600,0.9870328903198242,0.0
requests,warm_repeated,sync_sequential,1,4,75,75,0,2.042114375,27.226506586666666,26.978458,28.603291900000002,36.72664025001048,75000,7353600,0.9876136779785156,0.0
requests,warm_repeated,sync_sequential,1,5,75,75,0,2.035261792,27.135184466666665,26.995625,27.8876832,36.85029625908685,75000,7353600,0.9867343902587891,0.0
requests,warm_repeated,sync_sequential,1,6,75,75,0,2.061052542,27.47880944,27.188667,29.2275957,36.38917420670006,75000,7353600,0.9871702194213867,0.0
requests,warm_repeated,sync_sequential,1,7,75,75,0,2.052099125,27.359438373333337,27.123041,28.994358,36.547942098069946,75000,7353600,0.9872961044311523,0.0
requests,warm_repeated,sync_sequential,1,8,75,75,0,2.0688125,27.58210328,27.338416,29.1133293,36.252681187879524,75000,7353600,0.986943244934082,0.0
requests,warm_repeated,sync_sequential,1,9,75,75,0,2.026877208,27.023375586666663,26.899333,27.6125419,37.002734898778336,75000,7353600,0.9877223968505859,0.0
requests,warm_repeated,sync_sequential,1,10,75,75,0,2.041953916,27.224387800000002,27.030375,28.5320457,36.72952627007278,75000,7353600,0.9873228073120117,0.03125
requests,warm_repeated,sync_sequential,2,1,75,75,0,2.057328334,27.429068866666665,27.199875,29.170550000000002,36.455046460270054,75000,7353600,0.9870882034301758,0.0
requests,warm_repeated,sync_sequential,2,2,75,75,0,2.054587833,27.39258724,27.13175,28.9316171,36.503671829151735,75000,7353600,0.9872512817382812,0.0
requests,warm_repeated,sync_sequential,2,3,75,75,0,2.073013833,27.63825164,27.417875,29.0568669,36.17920865075096,75000,7353600,0.9877738952636719,0.0
requests,warm_repeated,sync_sequential,2,4,75,75,0,2.044892083,27.263513266666664,27.127292,28.8300538,36.676752100272076,75000,7353600,0.9877710342407227,0.0
requests,warm_repeated,sync_sequential,2,5,75,75,0,2.04684,27.289346626666664,27.090667,28.448445399999997,36.64184792167438,75000,7353600,0.9873485565185547,0.0
requests,warm_repeated,sync_sequential,2,6,75,75,0,2.049776209,27.328496639999994,27.104166,28.6961375,36.5893601802459,75000,7353600,0.9864225387573242,0.0
requests,warm_repeated,sync_sequential,2,7,75,75,0,2.044268625,27.25497056,27.049458,28.3042627,36.68793772149196,75000,7353600,0.9871959686279297,0.0
requests,warm_repeated,sync_sequential,2,8,75,75,0,2.081730917,27.75463442666666,27.231125,29.716374799999997,36.027711068481004,75000,7353600,0.9869155883789062,0.0
requests,warm_repeated,sync_sequential,2,9,75,75,0,2.077133709,27.693016613333334,26.980625,29.486433100000003,36.10744925809685,75000,7353600,0.9874076843261719,0.0
requests,warm_repeated,sync_sequential,2,10,75,75,0,2.1221265,28.29281721333334,28.049333,29.7321162,35.341908222719056,75000,7353600,0.9867172241210938,0.0
requests,warm_repeated,sync_sequential,3,1,75,75,0,2.114267875,28.18826216,27.779167,29.7617163,35.473272278707825,75000,7353600,0.9870071411132812,0.0
requests,warm_repeated,sync_sequential,3,2,75,75,0,2.183052583,29.104812773333336,28.842167,30.647191799999998,34.355562749172684,75000,7353600,0.9865083694458008,0.0
requests,warm_repeated,sync_sequential,3,3,75,75,0,2.076196167,27.680723293333326,27.276958,29.3262125,36.12375419629604,75000,7353600,0.9878730773925781,0.0
requests,warm_repeated,sync_sequential,3,4,75,75,0,2.088310958,27.842042266666667,27.579042,29.1977544,35.91419166417073,75000,7353600,0.9869346618652344,0.0
requests,warm_repeated,sync_sequential,3,5,75,75,0,2.133840459,28.449155573333336,27.614417,30.6595706,35.14789481269274,75000,7353600,0.9870338439941406,0.0
requests,warm_repeated,sync_sequential,3,6,75,75,0,2.033086209,27.106126106666668,26.960541,27.7674462,36.8897293523474,75000,7353600,0.9869890213012695,0.0
requests,warm_repeated,sync_sequential,3,7,75,75,0,2.064356791,27.522847240000004,27.249625,29.2151463,36.33092899782555,75000,7353600,0.9872055053710938,0.03125
requests,warm_repeated,sync_sequential,3,8,75,75,0,2.133857958,28.449464479999993,27.782875,30.427908199999997,35.147606577475855,75000,7353600,0.9880514144897461,0.0
requests,warm_repeated,sync_sequential,3,9,75,75,0,2.115378125,28.202816719999998,28.008083,29.5917624,35.454654235870954,75000,7353600,0.9876518249511719,0.0
requests,warm_repeated,sync_sequential,3,10,75,75,0,2.153757709,28.71464329333334,28.594541,30.025612600000002,34.822858526098024,75000,7353600,0.9869556427001953,0.0
requests,mixed_series,sync_sequential,1,1,75,75,0,0.818735083,10.914456146666666,4.158083,28.4298162,91.60472240322943,25419,2521936,0.6470136642456055,0.0
requests,mixed_series,sync_sequential,1,2,75,75,0,0.82073875,10.941207706666667,4.512416,28.7573418,91.3810880746157,25419,2521936,0.6435718536376953,0.03125
requests,mixed_series,sync_sequential,1,3,75,75,0,0.797219667,10.627487306666668,4.160333,28.3144876,94.0769565836614,25419,2521936,0.6427593231201172,0.0
requests,mixed_series,sync_sequential,1,4,75,75,0,0.851136667,11.346160533333332,8.571167,29.4311705,88.11745857965722,25419,2521936,0.6429214477539062,0.0
requests,mixed_series,sync_sequential,1,5,75,75,0,0.814631958,10.859661120000002,4.351458,28.8755663,92.06611557952162,25419,2521936,0.6431741714477539,0.0
requests,mixed_series,sync_sequential,1,6,75,75,0,0.824199125,10.987377213333332,4.396333,28.9123123,90.9974273510664,25419,2521936,0.6433868408203125,0.0
requests,mixed_series,sync_sequential,1,7,75,75,0,0.82100275,10.944629999999998,4.714625,28.6613252,91.35170375495088,25419,2521936,0.644047737121582,0.0
requests,mixed_series,sync_sequential,1,8,75,75,0,0.843611083,11.245983346666668,4.561583,28.644925,88.90352617617282,25419,2521936,0.6431665420532227,0.0
requests,mixed_series,sync_sequential,1,9,75,75,0,0.913645167,12.179537773333335,8.268208,33.0783998,82.08876127070894,25419,2521936,0.6436443328857422,0.0
requests,mixed_series,sync_sequential,1,10,75,75,0,0.851611917,11.352520546666664,4.318375,29.1328168,88.06828380725912,25419,2521936,0.64300537109375,0.0
requests,mixed_series,sync_sequential,2,1,75,75,0,0.832143208,11.093003866666669,5.586541,28.1718329,90.12871736375453,25419,2521936,0.6428604125976562,0.0
requests,mixed_series,sync_sequential,2,2,75,75,0,0.809823916,10.795502239999998,4.261291,28.451129299999998,92.61272545573969,25419,2521936,0.6431217193603516,0.0
requests,mixed_series,sync_sequential,2,3,75,75,0,0.799477208,10.657654333333333,4.295833,28.4180249,93.81130474954078,25419,2521936,0.6432828903198242,0.0
requests,mixed_series,sync_sequential,2,4,75,75,0,0.816836,10.889088933333335,4.387209,28.4131293,91.81769657556718,25419,2521936,0.6432294845581055,0.0
requests,mixed_series,sync_sequential,2,5,75,75,0,0.850168167,11.333363306666667,8.473625,29.0268795,88.21784078866834,25419,2521936,0.6437549591064453,0.0
requests,mixed_series,sync_sequential,2,6,75,75,0,0.842227541,11.22749892,8.759083,28.796820699999998,89.04956956281723,25419,2521936,0.6429347991943359,0.0
requests,mixed_series,sync_sequential,2,7,75,75,0,0.806894041,10.756615559999998,4.292333,28.346391999999998,92.9490071671009,25419,2521936,0.6446304321289062,0.0
requests,mixed_series,sync_sequential,2,8,75,75,0,0.802438625,10.69680892,4.246625,28.2702795,93.4650921121849,25419,2521936,0.6426172256469727,0.0
requests,mixed_series,sync_sequential,2,9,75,75,0,0.828574875,11.045434453333334,4.253333,28.937399799999998,90.51686487597152,25419,2521936,0.6435213088989258,0.0
requests,mixed_series,sync_sequential,2,10,75,75,0,0.799574041,10.658983866666665,4.251041,28.3332788,93.79994366275331,25419,2521936,0.6434745788574219,0.0
requests,mixed_series,sync_sequential,3,1,75,75,0,0.796872375,10.622741093333332,4.271792,28.0467289,94.11795709444691,25419,2521936,0.6431427001953125,0.03125
requests,mixed_series,sync_sequential,3,2,75,75,0,0.838271208,11.174591133333333,7.085083,28.4990662,89.46985090772675,25419,2521936,0.6430034637451172,0.0
requests,mixed_series,sync_sequential,3,3,75,75,0,0.857761917,11.434620013333333,6.641916,29.445937400000002,87.43684991554596,25419,2521936,0.6429605484008789,0.0
requests,mixed_series,sync_sequential,3,4,75,75,0,0.828364333,11.042455560000002,4.355583,28.799125099999998,90.53987118008858,25419,2521936,0.643284797668457,0.0
requests,mixed_series,sync_sequential,3,5,75,75,0,0.878361875,11.709169413333335,4.631916,29.6757963,85.3862196603194,25419,2521936,0.6432456970214844,0.0
requests,mixed_series,sync_sequential,3,6,75,75,0,0.818826542,10.915465026666668,4.384458,28.66815,91.59449059481024,25419,2521936,0.6429777145385742,0.0
requests,mixed_series,sync_sequential,3,7,75,75,0,0.863491417,11.510999973333334,4.31925,29.2010917,86.85668267621008,25419,2521936,0.6434087753295898,0.0
requests,mixed_series,sync_sequential,3,8,75,75,0,0.83641925,11.149969986666667,5.27975,30.0944625,89.66795061208838,25419,2521936,0.6430644989013672,0.0
requests,mixed_series,sync_sequential,3,9,75,75,0,0.832292625,11.094602706666667,8.175458,28.6454626,90.11253704188476,25419,2521936,0.6436614990234375,0.0
requests,mixed_series,sync_sequential,3,10,75,75,0,0.780327334,10.402351079999999,4.105,28.1489706,96.1135112562903,25419,2521936,0.6430883407592773,0.0
pycurl,metadata_small,sync_sequential,1,1,75,75,0,0.028984667,0.38458281333333333,0.36575,0.4357333,2587.575009918175,75,33850,0.035968780517578125,0.1875
pycurl,metadata_small,sync_sequential,1,2,75,75,0,0.031113042,0.41301720000000003,0.396875,0.4801125,2410.564675739518,75,33850,0.03371906280517578,0.03125
pycurl,metadata_small,sync_sequential,1,3,75,75,0,0.029668083,0.39337616000000003,0.377875,0.44626269999999996,2527.9691984143365,75,33850,0.032629966735839844,0.0
pycurl,metadata_small,sync_sequential,1,4,75,75,0,0.029500625,0.3913428266666666,0.379708,0.4329624,2542.319018664859,75,33850,0.030549049377441406,0.0
pycurl,metadata_small,sync_sequential,1,5,75,75,0,0.029346,0.3896655333333333,0.378584,0.4274499,2555.7145777959518,75,33850,0.029068946838378906,0.0
pycurl,metadata_small,sync_sequential,1,6,75,75,0,0.029087583,0.38642496,0.376917,0.40857479999999996,2578.4198020165513,75,33850,0.029247283935546875,0.0
pycurl,metadata_small,sync_sequential,1,7,75,75,0,0.0293985,0.39009557333333333,0.373417,0.44966629999999996,2551.1505689065766,75,33850,0.029033660888671875,0.0
pycurl,metadata_small,sync_sequential,1,8,75,75,0,0.029648292,0.3934077733333334,0.381708,0.4313663999999999,2529.6566830898723,75,33850,0.027876853942871094,0.0
pycurl,metadata_small,sync_sequential,1,9,75,75,0,0.028647,0.38052339999999996,0.370542,0.402192,2618.075191119489,75,33850,0.02797698974609375,0.0
pycurl,metadata_small,sync_sequential,1,10,75,75,0,0.029730375,0.39452676000000003,0.380292,0.44650809999999996,2522.6725192669114,75,33850,0.027210235595703125,0.0
pycurl,metadata_small,sync_sequential,2,1,75,75,0,0.028690166,0.3810950000000001,0.371583,0.422983,2614.1361468595196,75,33850,0.02675914764404297,0.0
pycurl,metadata_small,sync_sequential,2,2,75,75,0,0.028602875,0.37930320000000006,0.369458,0.4175338,2622.1140357394142,75,33850,0.02799224853515625,0.0
pycurl,metadata_small,sync_sequential,2,3,75,75,0,0.028714209,0.3812988666666667,0.368792,0.4347168,2611.947276694963,75,33850,0.02768421173095703,0.0
pycurl,metadata_small,sync_sequential,2,4,75,75,0,0.029526458,0.39219448,0.376541,0.4397044,2540.09471776127,75,33850,0.027054786682128906,0.0
pycurl,metadata_small,sync_sequential,2,5,75,75,0,0.029901083,0.3971799733333333,0.379666,0.45428729999999995,2508.270352615656,75,33850,0.027332305908203125,0.0
pycurl,metadata_small,sync_sequential,2,6,75,75,0,0.029712375,0.3946645333333333,0.37925,0.4589206999999999,2524.200774929638,75,33850,0.028009414672851562,0.03125
pycurl,metadata_small,sync_sequential,2,7,75,75,0,0.029160333,0.38720116000000004,0.373542,0.436258,2571.9870894478468,75,33850,0.027291297912597656,0.0
pycurl,metadata_small,sync_sequential,2,8,75,75,0,0.029380542,0.38998333333333335,0.374583,0.45840359999999997,2552.7098853383986,75,33850,0.027286529541015625,0.0
pycurl,metadata_small,sync_sequential,2,9,75,75,0,0.029699417,0.39401162666666667,0.376125,0.44997509999999996,2525.302095997373,75,33850,0.02756977081298828,0.0
pycurl,metadata_small,sync_sequential,2,10,75,75,0,0.029063125,0.38596722666666666,0.372625,0.43241260000000004,2580.589664738393,75,33850,0.02747631072998047,0.0
pycurl,metadata_small,sync_sequential,3,1,75,75,0,0.029234,0.38715000000000005,0.374458,0.44047509999999995,2565.5059177669837,75,33850,0.027335166931152344,0.0
pycurl,metadata_small,sync_sequential,3,2,75,75,0,0.028516875,0.3786572933333333,0.369041,0.4086375,2630.0216976790057,75,33850,0.02806377410888672,0.0
pycurl,metadata_small,sync_sequential,3,3,75,75,0,0.028712625,0.38046231999999996,0.370084,0.41159619999999997,2612.091370956156,75,33850,0.02627277374267578,0.0
pycurl,metadata_small,sync_sequential,3,4,75,75,0,0.028403334,0.37727227999999996,0.368458,0.4078213,2640.5350864796364,75,33850,0.02667713165283203,0.0
pycurl,metadata_small,sync_sequential,3,5,75,75,0,0.02870725,0.38086393333333335,0.371125,0.41242939999999995,2612.580445706224,75,33850,0.027990341186523438,0.0
pycurl,metadata_small,sync_sequential,3,6,75,75,0,0.029858333,0.3962855333333333,0.380958,0.5085622999999999,2511.8615965599956,75,33850,0.026597023010253906,0.0
pycurl,metadata_small,sync_sequential,3,7,75,75,0,0.028411292,0.3768,0.3685,0.40702489999999997,2639.7954728704344,75,33850,0.027540206909179688,0.0
pycurl,metadata_small,sync_sequential,3,8,75,75,0,0.028634208,0.38001892,0.370542,0.41438769999999997,2619.24478581702,75,33850,0.02764129638671875,0.0
pycurl,metadata_small,sync_sequential,3,9,75,75,0,0.0294135,0.3902344666666666,0.377708,0.4516296,2549.8495588760265,75,33850,0.02718639373779297,0.0
pycurl,metadata_small,sync_sequential,3,10,75,75,0,0.028445459,0.37784606666666665,0.366625,0.414616,2636.624706952347,75,33850,0.02719402313232422,0.0
pycurl,series_medium,sync_sequential,1,1,75,75,0,1.973033292,26.305301026666665,25.828458,27.74625,38.01253648587699,75000,7342838,0.9697732925415039,0.0
pycurl,series_medium,sync_sequential,1,2,75,75,0,2.0104305,26.80335676,26.964375,27.7943873,37.3054427894921,75000,7342838,0.9699573516845703,0.0
pycurl,series_medium,sync_sequential,1,3,75,75,0,2.015068834,26.865602306666666,26.40375,28.3336421,37.219572222315456,75000,7342838,0.9694576263427734,0.0
pycurl,series_medium,sync_sequential,1,4,75,75,0,1.942415541,25.896904426666666,25.635167,27.1631463,38.61171742962285,75000,7342838,0.9713268280029297,0.0
pycurl,series_medium,sync_sequential,1,5,75,75,0,1.928821958,25.715636040000007,25.633833,26.482274999999998,38.883837717073526,75000,7342838,0.9699363708496094,0.0
pycurl,series_medium,sync_sequential,1,6,75,75,0,1.929469125,25.724454440000002,25.632584,26.335858299999998,38.870795613275234,75000,7342838,0.9694938659667969,0.0
pycurl,series_medium,sync_sequential,1,7,75,75,0,1.930896625,25.743598319999997,25.642625,26.713175,38.84205867313068,75000,7342838,0.9710416793823242,0.0
pycurl,series_medium,sync_sequential,1,8,75,75,0,1.939978375,25.86468101333334,25.6675,27.1750705,38.66022475637132,75000,7342838,0.9704475402832031,0.0
pycurl,series_medium,sync_sequential,1,9,75,75,0,1.960922208,26.1436694,25.74025,27.5458376,38.247310216601925,75000,7342838,0.971074104309082,0.0
pycurl,series_medium,sync_sequential,1,10,75,75,0,1.971089417,26.27920334666667,26.150709,27.605225,38.050024191266814,75000,7342838,0.970794677734375,0.0
pycurl,series_medium,sync_sequential,2,1,75,75,0,1.946233125,25.948025559999998,25.79925,27.1989336,38.5359795990524,75000,7342838,0.9704551696777344,0.0
pycurl,series_medium,sync_sequential,2,2,75,75,0,2.021715916,26.953887786666666,26.22725,29.021371300000002,37.09720015875861,75000,7342838,0.9705362319946289,0.0
pycurl,series_medium,sync_sequential,2,3,75,75,0,2.058030708,27.43751116,27.056416,28.6088079,36.44260491763274,75000,7342838,0.9704666137695312,0.0
pycurl,series_medium,sync_sequential,2,4,75,75,0,2.013525042,26.84444394666667,26.43375,27.8803001,37.248108881478714,75000,7342838,0.9704494476318359,0.0
pycurl,series_medium,sync_sequential,2,5,75,75,0,2.015022375,26.864556600000004,26.906916,28.8121794,37.22043036867022,75000,7342838,0.9702234268188477,0.0
pycurl,series_medium,sync_sequential,2,6,75,75,0,1.912521042,25.498749413333332,25.441125,25.930275,39.21525481443565,75000,7342838,0.9700307846069336,0.0
pycurl,series_medium,sync_sequential,2,7,75,75,0,1.917810333,25.568959986666666,25.431833,26.5129001,39.107099753018176,75000,7342838,0.9704952239990234,0.0
pycurl,series_medium,sync_sequential,2,8,75,75,0,2.046316708,27.28125496,27.192834,28.9140832,36.651218116330796,75000,7342838,0.97052001953125,0.0
pycurl,series_medium,sync_sequential,2,9,75,75,0,2.014801458,26.8614728,26.484583,28.3453125,37.22451147839104,75000,7342838,0.971710205078125,0.0
pycurl,series_medium,sync_sequential,2,10,75,75,0,2.016612541,26.885642280000003,26.826042,28.7764338,37.19108082250094,75000,7342838,0.9699602127075195,0.0
pycurl,series_medium,sync_sequential,3,1,75,75,0,1.98039775,26.403026080000004,26.096084,28.099417,37.87118017075105,75000,7342838,0.9700555801391602,0.0
pycurl,series_medium,sync_sequential,3,2,75,75,0,1.96568275,26.207071653333333,26.048,27.9744332,38.15468187834481,75000,7342838,0.970362663269043,0.0
pycurl,series_medium,sync_sequential,3,3,75,75,0,2.069027791,27.584310626666664,27.078417,29.2765377,36.248908944693824,75000,7342838,0.9704923629760742,0.0
pycurl,series_medium,sync_sequential,3,4,75,75,0,1.995494792,26.60435112,26.32,28.1948374,37.58466336303022,75000,7342838,0.9714231491088867,0.0
pycurl,series_medium,sync_sequential,3,5,75,75,0,2.08647425,27.817108333333337,27.1955,30.9906544,35.94580666404102,75000,7342838,0.9700736999511719,0.0
pycurl,series_medium,sync_sequential,3,6,75,75,0,2.040074916,27.19818834666667,26.913542,28.4240876,36.763355802174864,75000,7342838,0.9702577590942383,0.0
pycurl,series_medium,sync_sequential,3,7,75,75,0,1.983419584,26.443443973333334,25.842083,28.225883,37.81348162789946,75000,7342838,0.9700345993041992,0.0
pycurl,series_medium,sync_sequential,3,8,75,75,0,1.972292541,26.295107093333332,26.003416,27.9321162,38.02681318359252,75000,7342838,0.9706811904907227,0.0
pycurl,series_medium,sync_sequential,3,9,75,75,0,2.017700417,26.90066392,26.4295,28.3107875,37.17102864632059,75000,7342838,0.9703092575073242,0.0
pycurl,series_medium,sync_sequential,3,10,75,75,0,1.995123666,26.59959388,26.33875,28.105209,37.59165473204306,75000,7342838,0.9700956344604492,0.0
pycurl,series_large,sync_sequential,1,1,15,15,0,3.919802208,261.31689166666666,261.283667,266.1251,3.826723697789192,150000,14753348,9.410858154296875,0.0
pycurl,series_large,sync_sequential,1,2,15,15,0,3.891571666,259.4340832666667,259.585792,267.1278458,3.8544838146120886,150000,14753348,9.411396026611328,0.0
pycurl,series_large,sync_sequential,1,3,15,15,0,3.949865708,263.3210277333334,262.799542,267.9672,3.797597465052855,150000,14753348,9.410369873046875,0.078125
pycurl,series_large,sync_sequential,1,4,15,15,0,4.664592,310.9689859999999,274.244875,404.9626957,3.2157153294436043,150000,14753348,13.13097858428955,7.640625
pycurl,series_large,sync_sequential,1,5,15,15,0,4.162012375,277.4627166,269.992625,301.08018369999996,3.604025804944898,150000,14753348,9.41030502319336,0.046875
pycurl,series_large,sync_sequential,1,6,15,15,0,4.013794209,267.58228606666665,266.562833,275.3512124,3.7371123727185585,150000,14753348,9.410322189331055,0.0
pycurl,series_large,sync_sequential,1,7,15,15,0,3.901757417,260.11370280000006,259.86675,264.9127332,3.844421473935011,150000,14753348,9.411510467529297,0.0
pycurl,series_large,sync_sequential,1,8,15,15,0,3.9437335,262.91226113333335,261.714084,271.1504831,3.8035024425458768,150000,14753348,9.410415649414062,0.0
pycurl,series_large,sync_sequential,1,9,15,15,0,3.926051167,261.73327486666665,260.8305,267.2430873,3.820632834864936,150000,14753348,9.411160469055176,0.0
pycurl,series_large,sync_sequential,1,10,15,15,0,3.950944584,263.3931308,263.587459,267.7255875,3.7965604632231407,150000,14753348,9.410459518432617,0.0
pycurl,series_large,sync_sequential,2,1,15,15,0,3.991756917,266.1135806,264.858125,272.1965124,3.757743848609206,150000,14753348,9.410414695739746,0.0
pycurl,series_large,sync_sequential,2,2,15,15,0,4.002409125,266.8236778666666,265.65775,279.8921955,3.7477428047788597,150000,14753348,9.411443710327148,0.0
pycurl,series_large,sync_sequential,2,3,15,15,0,3.945245291,263.01224726666663,262.336667,272.7713956,3.802044966435523,150000,14753348,13.131380081176758,1.0
pycurl,series_large,sync_sequential,2,4,15,15,0,3.885244125,259.0127389333333,258.187,264.9989912,3.8607612591139304,150000,14753348,9.4110689163208,0.0
pycurl,series_large,sync_sequential,2,5,15,15,0,3.903096666,260.2028586,260.804792,265.5533713,3.8431023578446006,150000,14753348,9.41037368774414,0.0
pycurl,series_large,sync_sequential,2,6,15,15,0,3.918305292,261.2168252,261.269792,273.1549288,3.8281856267365093,150000,14753348,9.410415649414062,0.0
pycurl,series_large,sync_sequential,2,7,15,15,0,3.96279125,264.18211399999996,265.090709,268.4597249,3.78521074003078,150000,14753348,9.41141128540039,0.0
pycurl,series_large,sync_sequential,2,8,15,15,0,3.8931155,259.5377416666666,257.0285,269.3016249,3.8529553001959487,150000,14753348,9.410459518432617,0.0
pycurl,series_large,sync_sequential,2,9,15,15,0,3.900607917,260.03696940000003,258.733083,265.32925,3.8455544159220865,150000,14753348,9.410417556762695,0.0
pycurl,series_large,sync_sequential,2,10,15,15,0,3.92253975,261.49870846666664,261.688042,264.96896269999996,3.824053025848878,150000,14753348,9.410367965698242,0.0
pycurl,series_large,sync_sequential,3,1,15,15,0,3.947371583,263.15447513333334,263.823542,272.5448538,3.799996956101105,150000,14753348,9.410409927368164,0.0
pycurl,series_large,sync_sequential,3,2,15,15,0,3.839333958,255.95220000000003,256.278542,259.5620833,3.906927650496404,150000,14753348,9.41139030456543,0.0
pycurl,series_large,sync_sequential,3,3,15,15,0,3.872154875,258.1404668,258.637209,261.4686088,3.873811994671313,150000,14753348,9.410371780395508,0.0
pycurl,series_large,sync_sequential,3,4,15,15,0,3.970709292,264.71043040000006,265.513958,267.6901581,3.7776626030571667,150000,14753348,9.410414695739746,0.0
pycurl,series_large,sync_sequential,3,5,15,15,0,3.90758675,260.50181653333334,260.231291,267.7621707,3.838686370814416,150000,14753348,9.41185188293457,0.0
pycurl,series_large,sync_sequential,3,6,15,15,0,4.008300291,267.21598613333333,267.727458,272.666675,3.7422345909761576,150000,14753348,9.410414695739746,0.0
pycurl,series_large,sync_sequential,3,7,15,15,0,3.982394375,265.48854446666667,265.288,272.4732252,3.7665782410111,150000,14753348,9.41151237487793,0.0
pycurl,series_large,sync_sequential,3,8,15,15,0,3.967935917,264.5257195333333,264.972875,268.7568794,3.7803029871865745,150000,14753348,9.410459518432617,0.0
pycurl,series_large,sync_sequential,3,9,15,15,0,3.992469625,266.1606388666667,264.289125,278.3084957,3.7570730422275913,150000,14753348,9.410414695739746,0.0
pycurl,series_large,sync_sequential,3,10,15,15,0,3.969955417,264.6600747333334,263.90875,269.5782124,3.7783799625979526,150000,14753348,9.410367965698242,0.0
pycurl,warm_repeated,sync_sequential,1,1,75,75,0,2.016037833,26.87785724,26.6065,28.389975,37.20168281187211,75000,7353600,0.970698356628418,0.0
pycurl,warm_repeated,sync_sequential,1,2,75,75,0,2.022361875,26.962323266666665,26.56075,28.6017125,37.085351008211624,75000,7353600,0.9710006713867188,0.0
pycurl,warm_repeated,sync_sequential,1,3,75,75,0,2.004774542,26.727807786666666,26.500375,28.1910919,37.41069054337583,75000,7353600,0.9712429046630859,0.0
pycurl,warm_repeated,sync_sequential,1,4,75,75,0,2.001988583,26.690498373333334,26.434584,28.284732899999998,37.46275110500967,75000,7353600,0.9708003997802734,0.0
pycurl,warm_repeated,sync_sequential,1,5,75,75,0,2.013634,26.84589725333333,26.763083,28.4298293,37.246093381418866,75000,7353600,0.9707355499267578,0.0
pycurl,warm_repeated,sync_sequential,1,6,75,75,0,2.042651417,27.23285552,26.884791,28.767274999999998,36.71698429590642,75000,7353600,0.9704275131225586,0.0
pycurl,warm_repeated,sync_sequential,1,7,75,75,0,1.961929041,26.157029386666668,25.844417,27.9653081,38.22768226203141,75000,7353600,0.9709377288818359,0.0
pycurl,warm_repeated,sync_sequential,1,8,75,75,0,1.951523583,26.018359413333336,25.80875,27.4133375,38.431510976006486,75000,7353600,0.9714202880859375,0.0
pycurl,warm_repeated,sync_sequential,1,9,75,75,0,1.954423792,26.05686788,25.88725,27.469858799999997,38.374481679457574,75000,7353600,0.9704484939575195,0.0
pycurl,warm_repeated,sync_sequential,1,10,75,75,0,2.011204583,26.81388721333333,26.220584,28.845241899999998,37.29108447442316,75000,7353600,0.9705228805541992,0.0
pycurl,warm_repeated,sync_sequential,2,1,75,75,0,1.98664125,26.486460039999997,26.159583,28.3300213,37.75216083930604,75000,7353600,0.9705743789672852,0.0
pycurl,warm_repeated,sync_sequential,2,2,75,75,0,1.980648042,26.406532813333335,26.088792,28.2352831,37.86639443738182,75000,7353600,0.9704790115356445,0.0
pycurl,warm_repeated,sync_sequential,2,3,75,75,0,2.068439083,27.576273200000003,27.303916,28.8706037,36.25922591407542,75000,7353600,0.9712152481079102,0.0
pycurl,warm_repeated,sync_sequential,2,4,75,75,0,2.02105625,26.94510168,26.45175,28.674625199999998,37.10930856080824,75000,7353600,0.9701900482177734,0.0
pycurl,warm_repeated,sync_sequential,2,5,75,75,0,1.968500334,26.24470726666667,25.783208,28.2692624,38.10006973562444,75000,7353600,0.9703884124755859,0.0
pycurl,warm_repeated,sync_sequential,2,6,75,75,0,1.920731875,25.60800113333333,25.485709,26.821666999999998,39.04761563870022,75000,7353600,0.9706630706787109,0.0
pycurl,warm_repeated,sync_sequential,2,7,75,75,0,1.9283285,25.709321640000006,25.44875,27.2600248,38.8937880656745,75000,7353600,0.9704694747924805,0.0
pycurl,warm_repeated,sync_sequential,2,8,75,75,0,1.939327125,25.85599884,25.608083,27.276041199999998,38.67320733731294,75000,7353600,0.971247673034668,0.0
pycurl,warm_repeated,sync_sequential,2,9,75,75,0,1.942349084,25.89571666666667,25.71825,27.4183169,38.613038520113925,75000,7353600,0.9711580276489258,0.0
pycurl,warm_repeated,sync_sequential,2,10,75,75,0,1.9306845,25.740507226666672,25.535542,27.1307044,38.84632626407888,75000,7353600,0.9704265594482422,0.0
pycurl,warm_repeated,sync_sequential,3,1,75,75,0,1.919697542,25.594299453333335,25.46125,26.63805,39.06865449328163,75000,7353600,0.9704084396362305,0.0
pycurl,warm_repeated,sync_sequential,3,2,75,75,0,1.907374333,25.430124946666666,25.416125,25.6183544,39.3210701761079,75000,7353600,0.9707260131835938,0.0
pycurl,warm_repeated,sync_sequential,3,3,75,75,0,1.907590042,25.433006093333333,25.401959,25.7682249,39.31662377591715,75000,7353600,0.9706411361694336,0.0
pycurl,warm_repeated,sync_sequential,3,4,75,75,0,1.923420292,25.643931079999994,25.5305,26.4680088,38.993037721367656,75000,7353600,0.9698600769042969,0.0
pycurl,warm_repeated,sync_sequential,3,5,75,75,0,1.91006675,25.466037173333337,25.435,25.6799499,39.26564346507786,75000,7353600,0.9706916809082031,0.03125
pycurl,warm_repeated,sync_sequential,3,6,75,75,0,1.914644875,25.52698224,25.43825,25.9283795,39.17175502323897,75000,7353600,0.9704990386962891,0.0
pycurl,warm_repeated,sync_sequential,3,7,75,75,0,1.908077333,25.439507733333333,25.382333,25.7145374,39.30658296856357,75000,7353600,0.9706878662109375,0.0
pycurl,warm_repeated,sync_sequential,3,8,75,75,0,1.91044725,25.470911146666666,25.454958,25.7680957,39.25782300453467,75000,7353600,0.9714012145996094,0.0
pycurl,warm_repeated,sync_sequential,3,9,75,75,0,1.907416875,25.4307044,25.386791,25.7405205,39.320193180109094,75000,7353600,0.970637321472168,0.03125
pycurl,warm_repeated,sync_sequential,3,10,75,75,0,1.91233,25.49615165333333,25.418,25.943175099999994,39.21917242316964,75000,7353600,0.9711246490478516,0.03125
pycurl,mixed_series,sync_sequential,1,1,75,75,0,0.668092042,8.906303413333331,2.701209,25.7073537,112.25998108805491,25419,2521936,0.6274709701538086,0.0
pycurl,mixed_series,sync_sequential,1,2,75,75,0,0.662083542,8.826249439999998,2.527083,25.4356377,113.2787559911888,25419,2521936,0.6271600723266602,0.0
pycurl,mixed_series,sync_sequential,1,3,75,75,0,0.661284459,8.815599453333332,2.521834,25.3661125,113.4156397889883,25419,2521936,0.6266031265258789,0.0
pycurl,mixed_series,sync_sequential,1,4,75,75,0,0.662036792,8.825633386666667,2.505667,25.3822625,113.2867552170726,25419,2521936,0.6262931823730469,0.0
pycurl,mixed_series,sync_sequential,1,5,75,75,0,0.660035417,8.79898836,2.512167,25.348867000000002,113.63026599525644,25419,2521936,0.6270246505737305,0.0
pycurl,mixed_series,sync_sequential,1,6,75,75,0,0.658383125,8.776946693333334,2.47675,25.2782332,113.91543487691912,25419,2521936,0.626927375793457,0.0
pycurl,mixed_series,sync_sequential,1,7,75,75,0,0.661120208,8.813418933333335,2.508458,25.3383286,113.44381716433631,25419,2521936,0.6272659301757812,0.0
pycurl,mixed_series,sync_sequential,1,8,75,75,0,0.660971708,8.811448333333331,2.53425,25.298670599999998,113.46930449858225,25419,2521936,0.6266918182373047,0.0
pycurl,mixed_series,sync_sequential,1,9,75,75,0,0.660911125,8.81064616,2.65675,25.3319461,113.47970576225357,25419,2521936,0.6276178359985352,0.0
pycurl,mixed_series,sync_sequential,1,10,75,75,0,0.661565167,8.819353906666668,2.519084,25.426162299999998,113.3675165216188,25419,2521936,0.6264591217041016,0.0
pycurl,mixed_series,sync_sequential,2,1,75,75,0,0.657808042,8.76930944,2.507834,25.2570957,114.01502446210593,25419,2521936,0.6269292831420898,0.03125
pycurl,mixed_series,sync_sequential,2,2,75,75,0,0.658801042,8.78252448,2.477166,25.3141751,113.84317148666563,25419,2521936,0.626591682434082,0.0
pycurl,mixed_series,sync_sequential,2,3,75,75,0,0.663388584,8.843514426666665,2.522167,25.4659206,113.05590992804905,25419,2521936,0.6265506744384766,0.0
pycurl,mixed_series,sync_sequential,2,4,75,75,0,0.660155833,8.800568906666665,2.511042,25.3363589,113.60953921920432,25419,2521936,0.6262121200561523,0.0
pycurl,mixed_series,sync_sequential,2,5,75,75,0,0.662744042,8.83500056,2.51025,25.3637627,113.16586079547132,25419,2521936,0.6262731552124023,0.03125
pycurl,mixed_series,sync_sequential,2,6,75,75,0,0.663391875,8.843704426666667,2.51375,25.4520955,113.05534907252219,25419,2521936,0.6265087127685547,0.0
pycurl,mixed_series,sync_sequential,2,7,75,75,0,0.660532375,8.805599386666666,2.519,25.314308699999998,113.5447751520128,25419,2521936,0.6267480850219727,0.0
pycurl,mixed_series,sync_sequential,2,8,75,75,0,0.660606,8.806575546666668,2.532041,25.3594083,113.53212050753399,25419,2521936,0.6263437271118164,0.0
pycurl,mixed_series,sync_sequential,2,9,75,75,0,0.660005417,8.798569480000003,2.51175,25.3566082,113.63543096495523,25419,2521936,0.6257514953613281,0.0
pycurl,mixed_series,sync_sequential,2,10,75,75,0,0.667117583,8.893284986666664,2.617667,25.5313582,112.42395930073994,25419,2521936,0.6260318756103516,0.0
pycurl,mixed_series,sync_sequential,3,1,75,75,0,0.662522958,8.832068306666669,2.657208,25.3838126,113.20362425840645,25419,2521936,0.6256427764892578,0.0
pycurl,mixed_series,sync_sequential,3,2,75,75,0,0.662544042,8.832389426666667,2.571,25.389025,113.20002180322979,25419,2521936,0.6258888244628906,0.0
pycurl,mixed_series,sync_sequential,3,3,75,75,0,0.66305225,8.839161146666669,2.572708,25.4188539,113.1132576655912,25419,2521936,0.6251354217529297,0.0
pycurl,mixed_series,sync_sequential,3,4,75,75,0,0.656643041,8.753733866666666,2.47525,25.1802955,114.2173072995378,25419,2521936,0.6263999938964844,0.0
pycurl,mixed_series,sync_sequential,3,5,75,75,0,0.659726375,8.794845066666667,2.481625,25.273220499999997,113.683494918632,25419,2521936,0.6263484954833984,0.0
pycurl,mixed_series,sync_sequential,3,6,75,75,0,0.662265209,8.828683879999998,2.491416,25.3766919,113.24768231936521,25419,2521936,0.6260490417480469,0.0
pycurl,mixed_series,sync_sequential,3,7,75,75,0,0.659963,8.79799832,2.533417,25.3329786,113.64273451693505,25419,2521936,0.6264810562133789,0.0
pycurl,mixed_series,sync_sequential,3,8,75,75,0,0.662397083,8.830415599999998,2.492083,25.414674899999998,113.22513628883236,25419,2521936,0.6261272430419922,0.0
pycurl,mixed_series,sync_sequential,3,9,75,75,0,0.664666375,8.860618893333331,2.688708,25.429445599999998,112.83856506205838,25419,2521936,0.6263847351074219,0.0
pycurl,mixed_series,sync_sequential,3,10,75,75,0,0.663904042,8.8504906,2.60075,25.4761998,112.96813282543624,25419,2521936,0.6259317398071289,0.0
