client_name,series,requests,mean_total_ms,median_total_ms,p95_total_ms
httpx,1,174,292.5627909716732,115.40783349846606,589.9366358524276
httpx,2,172,155.09747748855747,108.01435399844195,222.835777599539
httpx,3,180,153.89266874994468,116.92195800424088,345.48166074600834
pycurl,1,175,213.43380904556915,112.96837500412948,477.09789999862386
pycurl,2,180,176.85077313928764,115.65510400396306,239.01703780247738
pycurl,3,180,135.63642641650705,118.09031200027675,256.5010479476768
requests,1,180,132.91616265022537,106.01977099940996,193.86659169940634
requests,2,180,111.45835598832086,102.59031299938215,163.96565835166257
requests,3,180,115.68785975561897,107.11645849733031,189.32667500557724
